model_name,cpu_cores,mem_cap_gb,gpu_mode,gpu_name,batch_size,context_length,prediction_length,repeat_idx,warmup,latency_s,throughput_samples_per_s,avg_power_eff_w,peak_power_eff_w,energy_eff_j,cold_start_s,status,error
amazon/chronos-bolt-base,1,2,off,nan,1,64,64,0,1,1.200412,0.833047,nan,nan,nan,4.014,ok,
amazon/chronos-bolt-base,1,2,off,nan,1,64,64,1,1,0.180675,5.534814,nan,nan,nan,4.014,ok,
amazon/chronos-bolt-base,1,2,off,nan,1,64,64,0,0,0.185894,5.379401,nan,nan,nan,4.014,ok,
amazon/chronos-bolt-base,1,2,off,nan,1,64,64,1,0,0.105645,9.465638,nan,nan,nan,4.014,ok,
amazon/chronos-bolt-base,1,2,off,nan,1,64,64,2,0,0.182897,5.467562,nan,nan,nan,4.014,ok,
amazon/chronos-bolt-base,1,2,off,nan,1,64,64,3,0,0.101970,9.806837,nan,nan,nan,4.014,ok,
amazon/chronos-bolt-base,1,2,off,nan,1,64,64,4,0,0.182253,5.486873,nan,nan,nan,4.014,ok,
amazon/chronos-bolt-base,1,2,off,nan,1,128,64,0,1,0.188761,5.297701,nan,nan,nan,4.014,ok,
amazon/chronos-bolt-base,1,2,off,nan,1,128,64,1,1,0.104806,9.541417,nan,nan,nan,4.014,ok,
amazon/chronos-bolt-base,1,2,off,nan,1,128,64,0,0,0.188991,5.291248,nan,nan,nan,4.014,ok,
amazon/chronos-bolt-base,1,2,off,nan,1,128,64,1,0,0.185132,5.401540,nan,nan,nan,4.014,ok,
amazon/chronos-bolt-base,1,2,off,nan,1,128,64,2,0,0.108718,9.198135,nan,nan,nan,4.014,ok,
amazon/chronos-bolt-base,1,2,off,nan,1,128,64,3,0,0.185463,5.391912,nan,nan,nan,4.014,ok,
amazon/chronos-bolt-base,1,2,off,nan,1,128,64,4,0,0.188923,5.293165,nan,nan,nan,4.014,ok,
amazon/chronos-bolt-base,1,2,off,nan,1,256,64,0,1,0.189220,5.284865,nan,nan,nan,4.014,ok,
amazon/chronos-bolt-base,1,2,off,nan,1,256,64,1,1,0.197528,5.062566,nan,nan,nan,4.014,ok,
amazon/chronos-bolt-base,1,2,off,nan,1,256,64,0,0,0.199442,5.013982,nan,nan,nan,4.014,ok,
amazon/chronos-bolt-base,1,2,off,nan,1,256,64,1,0,0.195117,5.125121,nan,nan,nan,4.014,ok,
amazon/chronos-bolt-base,1,2,off,nan,1,256,64,2,0,0.283024,3.533274,nan,nan,nan,4.014,ok,
amazon/chronos-bolt-base,1,2,off,nan,1,256,64,3,0,0.279571,3.576904,nan,nan,nan,4.014,ok,
amazon/chronos-bolt-base,1,2,off,nan,1,256,64,4,0,0.194058,5.153088,nan,nan,nan,4.014,ok,
amazon/chronos-bolt-base,1,2,off,nan,1,512,64,0,1,0.203195,4.921372,nan,nan,nan,4.014,ok,
amazon/chronos-bolt-base,1,2,off,nan,1,512,64,1,1,0.287860,3.473909,nan,nan,nan,4.014,ok,
amazon/chronos-bolt-base,1,2,off,nan,1,512,64,0,0,0.290440,3.443049,nan,nan,nan,4.014,ok,
amazon/chronos-bolt-base,1,2,off,nan,1,512,64,1,0,0.201583,4.960739,nan,nan,nan,4.014,ok,
amazon/chronos-bolt-base,1,2,off,nan,1,512,64,2,0,0.278029,3.596744,nan,nan,nan,4.014,ok,
amazon/chronos-bolt-base,1,2,off,nan,1,512,64,3,0,0.196719,5.083381,nan,nan,nan,4.014,ok,
amazon/chronos-bolt-base,1,2,off,nan,1,512,64,4,0,0.192178,5.203496,nan,nan,nan,4.014,ok,
amazon/chronos-bolt-base,1,2,off,nan,1,1024,64,0,1,0.285172,3.506652,nan,nan,nan,4.014,ok,
amazon/chronos-bolt-base,1,2,off,nan,1,1024,64,1,1,0.208833,4.788506,nan,nan,nan,4.014,ok,
amazon/chronos-bolt-base,1,2,off,nan,1,1024,64,0,0,0.287138,3.482641,nan,nan,nan,4.014,ok,
amazon/chronos-bolt-base,1,2,off,nan,1,1024,64,1,0,0.218209,4.582756,nan,nan,nan,4.014,ok,
amazon/chronos-bolt-base,1,2,off,nan,1,1024,64,2,0,0.283427,3.528250,nan,nan,nan,4.014,ok,
amazon/chronos-bolt-base,1,2,off,nan,1,1024,64,3,0,0.202813,4.930644,nan,nan,nan,4.014,ok,
amazon/chronos-bolt-base,1,2,off,nan,1,1024,64,4,0,0.282671,3.537680,nan,nan,nan,4.014,ok,
amazon/chronos-bolt-base,1,2,off,nan,1,2048,64,0,1,0.388120,2.576524,nan,nan,nan,4.014,ok,
amazon/chronos-bolt-base,1,2,off,nan,1,2048,64,1,1,0.389622,2.566589,nan,nan,nan,4.014,ok,
amazon/chronos-bolt-base,1,2,off,nan,1,2048,64,0,0,0.307643,3.250517,nan,nan,nan,4.014,ok,
amazon/chronos-bolt-base,1,2,off,nan,1,2048,64,1,0,0.385406,2.594669,nan,nan,nan,4.014,ok,
amazon/chronos-bolt-base,1,2,off,nan,1,2048,64,2,0,0.392935,2.544947,nan,nan,nan,4.014,ok,
amazon/chronos-bolt-base,1,2,off,nan,1,2048,64,3,0,0.385813,2.591927,nan,nan,nan,4.014,ok,
amazon/chronos-bolt-base,1,2,off,nan,1,2048,64,4,0,0.308715,3.239229,nan,nan,nan,4.014,ok,
amazon/chronos-bolt-base,1,4,off,nan,1,64,64,0,1,0.358427,2.789965,nan,nan,nan,4.374,ok,
amazon/chronos-bolt-base,1,4,off,nan,1,64,64,1,1,0.192001,5.208308,nan,nan,nan,4.374,ok,
amazon/chronos-bolt-base,1,4,off,nan,1,64,64,0,0,0.110991,9.009739,nan,nan,nan,4.374,ok,
amazon/chronos-bolt-base,1,4,off,nan,1,64,64,1,0,0.193523,5.167353,nan,nan,nan,4.374,ok,
amazon/chronos-bolt-base,1,4,off,nan,1,64,64,2,0,0.195716,5.109448,nan,nan,nan,4.374,ok,
amazon/chronos-bolt-base,1,4,off,nan,1,64,64,3,0,0.191178,5.230735,nan,nan,nan,4.374,ok,
amazon/chronos-bolt-base,1,4,off,nan,1,64,64,4,0,0.132643,7.539050,nan,nan,nan,4.374,ok,
amazon/chronos-bolt-base,1,4,off,nan,1,128,64,0,1,0.191512,5.221594,nan,nan,nan,4.374,ok,
amazon/chronos-bolt-base,1,4,off,nan,1,128,64,1,1,0.198908,5.027451,nan,nan,nan,4.374,ok,
amazon/chronos-bolt-base,1,4,off,nan,1,128,64,0,0,0.195096,5.125687,nan,nan,nan,4.374,ok,
amazon/chronos-bolt-base,1,4,off,nan,1,128,64,1,0,0.194912,5.130529,nan,nan,nan,4.374,ok,
amazon/chronos-bolt-base,1,4,off,nan,1,128,64,2,0,0.194733,5.135232,nan,nan,nan,4.374,ok,
amazon/chronos-bolt-base,1,4,off,nan,1,128,64,3,0,0.293008,3.412880,nan,nan,nan,4.374,ok,
amazon/chronos-bolt-base,1,4,off,nan,1,128,64,4,0,0.172781,5.787672,nan,nan,nan,4.374,ok,
amazon/chronos-bolt-base,1,4,off,nan,1,256,64,0,1,0.208517,4.795782,nan,nan,nan,4.374,ok,
amazon/chronos-bolt-base,1,4,off,nan,1,256,64,1,1,0.284548,3.514348,nan,nan,nan,4.374,ok,
amazon/chronos-bolt-base,1,4,off,nan,1,256,64,0,0,0.199982,5.000450,nan,nan,nan,4.374,ok,
amazon/chronos-bolt-base,1,4,off,nan,1,256,64,1,0,0.198338,5.041894,nan,nan,nan,4.374,ok,
amazon/chronos-bolt-base,1,4,off,nan,1,256,64,2,0,0.202445,4.939605,nan,nan,nan,4.374,ok,
amazon/chronos-bolt-base,1,4,off,nan,1,256,64,3,0,0.195354,5.118920,nan,nan,nan,4.374,ok,
amazon/chronos-bolt-base,1,4,off,nan,1,256,64,4,0,0.202927,4.927872,nan,nan,nan,4.374,ok,
amazon/chronos-bolt-base,1,4,off,nan,1,512,64,0,1,0.279420,3.578841,nan,nan,nan,4.374,ok,
amazon/chronos-bolt-base,1,4,off,nan,1,512,64,1,1,0.206165,4.850487,nan,nan,nan,4.374,ok,
amazon/chronos-bolt-base,1,4,off,nan,1,512,64,0,0,0.376991,2.652582,nan,nan,nan,4.374,ok,
amazon/chronos-bolt-base,1,4,off,nan,1,512,64,1,0,0.313757,3.187176,nan,nan,nan,4.374,ok,
amazon/chronos-bolt-base,1,4,off,nan,1,512,64,2,0,0.287209,3.481782,nan,nan,nan,4.374,ok,
amazon/chronos-bolt-base,1,4,off,nan,1,512,64,3,0,0.286299,3.492853,nan,nan,nan,4.374,ok,
amazon/chronos-bolt-base,1,4,off,nan,1,512,64,4,0,0.302917,3.301229,nan,nan,nan,4.374,ok,
amazon/chronos-bolt-base,1,4,off,nan,1,1024,64,0,1,0.400183,2.498857,nan,nan,nan,4.374,ok,
amazon/chronos-bolt-base,1,4,off,nan,1,1024,64,1,1,0.395437,2.528847,nan,nan,nan,4.374,ok,
amazon/chronos-bolt-base,1,4,off,nan,1,1024,64,0,0,0.295500,3.384092,nan,nan,nan,4.374,ok,
amazon/chronos-bolt-base,1,4,off,nan,1,1024,64,1,0,0.303270,3.297391,nan,nan,nan,4.374,ok,
amazon/chronos-bolt-base,1,4,off,nan,1,1024,64,2,0,0.379270,2.636642,nan,nan,nan,4.374,ok,
amazon/chronos-bolt-base,1,4,off,nan,1,1024,64,3,0,0.299131,3.343022,nan,nan,nan,4.374,ok,
amazon/chronos-bolt-base,1,4,off,nan,1,1024,64,4,0,0.296694,3.370476,nan,nan,nan,4.374,ok,
amazon/chronos-bolt-base,1,4,off,nan,1,2048,64,0,1,0.409912,2.439545,nan,nan,nan,4.374,ok,
amazon/chronos-bolt-base,1,4,off,nan,1,2048,64,1,1,0.496437,2.014355,nan,nan,nan,4.374,ok,
amazon/chronos-bolt-base,1,4,off,nan,1,2048,64,0,0,0.399054,2.505925,nan,nan,nan,4.374,ok,
amazon/chronos-bolt-base,1,4,off,nan,1,2048,64,1,0,0.594373,1.682446,nan,nan,nan,4.374,ok,
amazon/chronos-bolt-base,1,4,off,nan,1,2048,64,2,0,0.586029,1.706401,nan,nan,nan,4.374,ok,
amazon/chronos-bolt-base,1,4,off,nan,1,2048,64,3,0,0.389668,2.566285,nan,nan,nan,4.374,ok,
amazon/chronos-bolt-base,1,4,off,nan,1,2048,64,4,0,0.401172,2.492698,nan,nan,nan,4.374,ok,
amazon/chronos-bolt-base,1,8,off,nan,1,64,64,0,1,0.579802,1.724728,nan,nan,nan,4.042,ok,
amazon/chronos-bolt-base,1,8,off,nan,1,64,64,1,1,0.192745,5.188211,nan,nan,nan,4.042,ok,
amazon/chronos-bolt-base,1,8,off,nan,1,64,64,0,0,0.192852,5.185312,nan,nan,nan,4.042,ok,
amazon/chronos-bolt-base,1,8,off,nan,1,64,64,1,0,0.167851,5.957680,nan,nan,nan,4.042,ok,
amazon/chronos-bolt-base,1,8,off,nan,1,64,64,2,0,0.192025,5.207667,nan,nan,nan,4.042,ok,
amazon/chronos-bolt-base,1,8,off,nan,1,64,64,3,0,0.191574,5.219904,nan,nan,nan,4.042,ok,
amazon/chronos-bolt-base,1,8,off,nan,1,64,64,4,0,0.191248,5.228810,nan,nan,nan,4.042,ok,
amazon/chronos-bolt-base,1,8,off,nan,1,128,64,0,1,0.195193,5.123135,nan,nan,nan,4.042,ok,
amazon/chronos-bolt-base,1,8,off,nan,1,128,64,1,1,0.215323,4.644178,nan,nan,nan,4.042,ok,
amazon/chronos-bolt-base,1,8,off,nan,1,128,64,0,0,0.271725,3.680196,nan,nan,nan,4.042,ok,
amazon/chronos-bolt-base,1,8,off,nan,1,128,64,1,0,0.114302,8.748780,nan,nan,nan,4.042,ok,
amazon/chronos-bolt-base,1,8,off,nan,1,128,64,2,0,0.192413,5.197144,nan,nan,nan,4.042,ok,
amazon/chronos-bolt-base,1,8,off,nan,1,128,64,3,0,0.195286,5.120697,nan,nan,nan,4.042,ok,
amazon/chronos-bolt-base,1,8,off,nan,1,128,64,4,0,0.291998,3.424675,nan,nan,nan,4.042,ok,
amazon/chronos-bolt-base,1,8,off,nan,1,256,64,0,1,0.202658,4.934409,nan,nan,nan,4.042,ok,
amazon/chronos-bolt-base,1,8,off,nan,1,256,64,1,1,0.272183,3.673995,nan,nan,nan,4.042,ok,
amazon/chronos-bolt-base,1,8,off,nan,1,256,64,0,0,0.202184,4.945998,nan,nan,nan,4.042,ok,
amazon/chronos-bolt-base,1,8,off,nan,1,256,64,1,0,0.200127,4.996834,nan,nan,nan,4.042,ok,
amazon/chronos-bolt-base,1,8,off,nan,1,256,64,2,0,0.202010,4.950254,nan,nan,nan,4.042,ok,
amazon/chronos-bolt-base,1,8,off,nan,1,256,64,3,0,0.199782,5.005466,nan,nan,nan,4.042,ok,
amazon/chronos-bolt-base,1,8,off,nan,1,256,64,4,0,0.271013,3.689861,nan,nan,nan,4.042,ok,
amazon/chronos-bolt-base,1,8,off,nan,1,512,64,0,1,0.206267,4.848086,nan,nan,nan,4.042,ok,
amazon/chronos-bolt-base,1,8,off,nan,1,512,64,1,1,0.205120,4.875204,nan,nan,nan,4.042,ok,
amazon/chronos-bolt-base,1,8,off,nan,1,512,64,0,0,0.277552,3.602928,nan,nan,nan,4.042,ok,
amazon/chronos-bolt-base,1,8,off,nan,1,512,64,1,0,0.204652,4.886344,nan,nan,nan,4.042,ok,
amazon/chronos-bolt-base,1,8,off,nan,1,512,64,2,0,0.205587,4.864111,nan,nan,nan,4.042,ok,
amazon/chronos-bolt-base,1,8,off,nan,1,512,64,3,0,0.280808,3.561155,nan,nan,nan,4.042,ok,
amazon/chronos-bolt-base,1,8,off,nan,1,512,64,4,0,0.201384,4.965643,nan,nan,nan,4.042,ok,
amazon/chronos-bolt-base,1,8,off,nan,1,1024,64,0,1,0.289485,3.454405,nan,nan,nan,4.042,ok,
amazon/chronos-bolt-base,1,8,off,nan,1,1024,64,1,1,0.295963,3.378795,nan,nan,nan,4.042,ok,
amazon/chronos-bolt-base,1,8,off,nan,1,1024,64,0,0,0.288860,3.461880,nan,nan,nan,4.042,ok,
amazon/chronos-bolt-base,1,8,off,nan,1,1024,64,1,0,0.292062,3.423928,nan,nan,nan,4.042,ok,
amazon/chronos-bolt-base,1,8,off,nan,1,1024,64,2,0,0.291845,3.426472,nan,nan,nan,4.042,ok,
amazon/chronos-bolt-base,1,8,off,nan,1,1024,64,3,0,0.294391,3.396840,nan,nan,nan,4.042,ok,
amazon/chronos-bolt-base,1,8,off,nan,1,1024,64,4,0,0.296281,3.375171,nan,nan,nan,4.042,ok,
amazon/chronos-bolt-base,1,8,off,nan,1,2048,64,0,1,0.394229,2.536600,nan,nan,nan,4.042,ok,
amazon/chronos-bolt-base,1,8,off,nan,1,2048,64,1,1,0.391843,2.552044,nan,nan,nan,4.042,ok,
amazon/chronos-bolt-base,1,8,off,nan,1,2048,64,0,0,0.394568,2.534418,nan,nan,nan,4.042,ok,
amazon/chronos-bolt-base,1,8,off,nan,1,2048,64,1,0,0.393511,2.541226,nan,nan,nan,4.042,ok,
amazon/chronos-bolt-base,1,8,off,nan,1,2048,64,2,0,0.321988,3.105704,nan,nan,nan,4.042,ok,
amazon/chronos-bolt-base,1,8,off,nan,1,2048,64,3,0,0.398451,2.509721,nan,nan,nan,4.042,ok,
amazon/chronos-bolt-base,1,8,off,nan,1,2048,64,4,0,0.389762,2.565670,nan,nan,nan,4.042,ok,
amazon/chronos-bolt-base,1,16,off,nan,1,64,64,0,1,0.160046,6.248189,nan,nan,nan,4.204,ok,
amazon/chronos-bolt-base,1,16,off,nan,1,64,64,1,1,0.191456,5.223126,nan,nan,nan,4.204,ok,
amazon/chronos-bolt-base,1,16,off,nan,1,64,64,0,0,0.191780,5.214320,nan,nan,nan,4.204,ok,
amazon/chronos-bolt-base,1,16,off,nan,1,64,64,1,0,0.195920,5.104114,nan,nan,nan,4.204,ok,
amazon/chronos-bolt-base,1,16,off,nan,1,64,64,2,0,0.200783,4.980499,nan,nan,nan,4.204,ok,
amazon/chronos-bolt-base,1,16,off,nan,1,64,64,3,0,0.192141,5.204502,nan,nan,nan,4.204,ok,
amazon/chronos-bolt-base,1,16,off,nan,1,64,64,4,0,0.187546,5.332029,nan,nan,nan,4.204,ok,
amazon/chronos-bolt-base,1,16,off,nan,1,128,64,0,1,0.190180,5.258169,nan,nan,nan,4.204,ok,
amazon/chronos-bolt-base,1,16,off,nan,1,128,64,1,1,0.207565,4.817770,nan,nan,nan,4.204,ok,
amazon/chronos-bolt-base,1,16,off,nan,1,128,64,0,0,0.303169,3.298488,nan,nan,nan,4.204,ok,
amazon/chronos-bolt-base,1,16,off,nan,1,128,64,1,0,0.385824,2.591855,nan,nan,nan,4.204,ok,
amazon/chronos-bolt-base,1,16,off,nan,1,128,64,2,0,0.199077,5.023179,nan,nan,nan,4.204,ok,
amazon/chronos-bolt-base,1,16,off,nan,1,128,64,3,0,0.290899,3.437620,nan,nan,nan,4.204,ok,
amazon/chronos-bolt-base,1,16,off,nan,1,128,64,4,0,0.187257,5.340262,nan,nan,nan,4.204,ok,
amazon/chronos-bolt-base,1,16,off,nan,1,256,64,0,1,0.205551,4.864966,nan,nan,nan,4.204,ok,
amazon/chronos-bolt-base,1,16,off,nan,1,256,64,1,1,0.496253,2.015101,nan,nan,nan,4.204,ok,
amazon/chronos-bolt-base,1,16,off,nan,1,256,64,0,0,0.276949,3.610771,nan,nan,nan,4.204,ok,
amazon/chronos-bolt-base,1,16,off,nan,1,256,64,1,0,0.199499,5.012547,nan,nan,nan,4.204,ok,
amazon/chronos-bolt-base,1,16,off,nan,1,256,64,2,0,0.194522,5.140806,nan,nan,nan,4.204,ok,
amazon/chronos-bolt-base,1,16,off,nan,1,256,64,3,0,0.194078,5.152577,nan,nan,nan,4.204,ok,
amazon/chronos-bolt-base,1,16,off,nan,1,256,64,4,0,0.191045,5.234377,nan,nan,nan,4.204,ok,
amazon/chronos-bolt-base,1,16,off,nan,1,512,64,0,1,0.208465,4.796965,nan,nan,nan,4.204,ok,
amazon/chronos-bolt-base,1,16,off,nan,1,512,64,1,1,0.373676,2.676116,nan,nan,nan,4.204,ok,
amazon/chronos-bolt-base,1,16,off,nan,1,512,64,0,0,0.208923,4.786453,nan,nan,nan,4.204,ok,
amazon/chronos-bolt-base,1,16,off,nan,1,512,64,1,0,0.281523,3.552102,nan,nan,nan,4.204,ok,
amazon/chronos-bolt-base,1,16,off,nan,1,512,64,2,0,0.202050,4.949271,nan,nan,nan,4.204,ok,
amazon/chronos-bolt-base,1,16,off,nan,1,512,64,3,0,0.276606,3.615248,nan,nan,nan,4.204,ok,
amazon/chronos-bolt-base,1,16,off,nan,1,512,64,4,0,0.202005,4.950371,nan,nan,nan,4.204,ok,
amazon/chronos-bolt-base,1,16,off,nan,1,1024,64,0,1,0.284013,3.520962,nan,nan,nan,4.204,ok,
amazon/chronos-bolt-base,1,16,off,nan,1,1024,64,1,1,0.292639,3.417176,nan,nan,nan,4.204,ok,
amazon/chronos-bolt-base,1,16,off,nan,1,1024,64,0,0,0.290772,3.439121,nan,nan,nan,4.204,ok,
amazon/chronos-bolt-base,1,16,off,nan,1,1024,64,1,0,0.288852,3.461976,nan,nan,nan,4.204,ok,
amazon/chronos-bolt-base,1,16,off,nan,1,1024,64,2,0,0.291041,3.435945,nan,nan,nan,4.204,ok,
amazon/chronos-bolt-base,1,16,off,nan,1,1024,64,3,0,0.291979,3.424901,nan,nan,nan,4.204,ok,
amazon/chronos-bolt-base,1,16,off,nan,1,1024,64,4,0,0.207277,4.824462,nan,nan,nan,4.204,ok,
amazon/chronos-bolt-base,1,16,off,nan,1,2048,64,0,1,0.395107,2.530960,nan,nan,nan,4.204,ok,
amazon/chronos-bolt-base,1,16,off,nan,1,2048,64,1,1,0.393722,2.539865,nan,nan,nan,4.204,ok,
amazon/chronos-bolt-base,1,16,off,nan,1,2048,64,0,0,0.392351,2.548737,nan,nan,nan,4.204,ok,
amazon/chronos-bolt-base,1,16,off,nan,1,2048,64,1,0,0.391256,2.555873,nan,nan,nan,4.204,ok,
amazon/chronos-bolt-base,1,16,off,nan,1,2048,64,2,0,0.389742,2.565798,nan,nan,nan,4.204,ok,
amazon/chronos-bolt-base,1,16,off,nan,1,2048,64,3,0,0.392511,2.547699,nan,nan,nan,4.204,ok,
amazon/chronos-bolt-base,1,16,off,nan,1,2048,64,4,0,0.389530,2.567194,nan,nan,nan,4.204,ok,
amazon/chronos-bolt-base,2,2,off,nan,1,64,64,0,1,0.053585,18.662029,nan,nan,nan,3.651,ok,
amazon/chronos-bolt-base,2,2,off,nan,1,64,64,1,1,0.045243,22.102799,nan,nan,nan,3.651,ok,
amazon/chronos-bolt-base,2,2,off,nan,1,64,64,0,0,0.093843,10.656088,nan,nan,nan,3.651,ok,
amazon/chronos-bolt-base,2,2,off,nan,1,64,64,1,0,0.086826,11.517338,nan,nan,nan,3.651,ok,
amazon/chronos-bolt-base,2,2,off,nan,1,64,64,2,0,0.092221,10.843527,nan,nan,nan,3.651,ok,
amazon/chronos-bolt-base,2,2,off,nan,1,64,64,3,0,0.091039,10.984354,nan,nan,nan,3.651,ok,
amazon/chronos-bolt-base,2,2,off,nan,1,64,64,4,0,0.091020,10.986586,nan,nan,nan,3.651,ok,
amazon/chronos-bolt-base,2,2,off,nan,1,128,64,0,1,0.093745,10.667266,nan,nan,nan,3.651,ok,
amazon/chronos-bolt-base,2,2,off,nan,1,128,64,1,1,0.102166,9.788037,nan,nan,nan,3.651,ok,
amazon/chronos-bolt-base,2,2,off,nan,1,128,64,0,0,0.091302,10.952625,nan,nan,nan,3.651,ok,
amazon/chronos-bolt-base,2,2,off,nan,1,128,64,1,0,0.082128,12.176073,nan,nan,nan,3.651,ok,
amazon/chronos-bolt-base,2,2,off,nan,1,128,64,2,0,0.089896,11.124003,nan,nan,nan,3.651,ok,
amazon/chronos-bolt-base,2,2,off,nan,1,128,64,3,0,0.045491,21.982219,nan,nan,nan,3.651,ok,
amazon/chronos-bolt-base,2,2,off,nan,1,128,64,4,0,0.155315,6.438545,nan,nan,nan,3.651,ok,
amazon/chronos-bolt-base,2,2,off,nan,1,256,64,0,1,0.100973,9.903678,nan,nan,nan,3.651,ok,
amazon/chronos-bolt-base,2,2,off,nan,1,256,64,1,1,0.101596,9.842912,nan,nan,nan,3.651,ok,
amazon/chronos-bolt-base,2,2,off,nan,1,256,64,0,0,0.099181,10.082615,nan,nan,nan,3.651,ok,
amazon/chronos-bolt-base,2,2,off,nan,1,256,64,1,0,0.088881,11.251036,nan,nan,nan,3.651,ok,
amazon/chronos-bolt-base,2,2,off,nan,1,256,64,2,0,0.100785,9.922152,nan,nan,nan,3.651,ok,
amazon/chronos-bolt-base,2,2,off,nan,1,256,64,3,0,0.094173,10.618707,nan,nan,nan,3.651,ok,
amazon/chronos-bolt-base,2,2,off,nan,1,256,64,4,0,0.093928,10.646490,nan,nan,nan,3.651,ok,
amazon/chronos-bolt-base,2,2,off,nan,1,512,64,0,1,0.101674,9.835318,nan,nan,nan,3.651,ok,
amazon/chronos-bolt-base,2,2,off,nan,1,512,64,1,1,0.156487,6.390287,nan,nan,nan,3.651,ok,
amazon/chronos-bolt-base,2,2,off,nan,1,512,64,0,0,0.101253,9.876251,nan,nan,nan,3.651,ok,
amazon/chronos-bolt-base,2,2,off,nan,1,512,64,1,0,0.101127,9.888554,nan,nan,nan,3.651,ok,
amazon/chronos-bolt-base,2,2,off,nan,1,512,64,2,0,0.106305,9.406906,nan,nan,nan,3.651,ok,
amazon/chronos-bolt-base,2,2,off,nan,1,512,64,3,0,0.101380,9.863880,nan,nan,nan,3.651,ok,
amazon/chronos-bolt-base,2,2,off,nan,1,512,64,4,0,0.102788,9.728756,nan,nan,nan,3.651,ok,
amazon/chronos-bolt-base,2,2,off,nan,1,1024,64,0,1,0.165510,6.041939,nan,nan,nan,3.651,ok,
amazon/chronos-bolt-base,2,2,off,nan,1,1024,64,1,1,0.110657,9.036968,nan,nan,nan,3.651,ok,
amazon/chronos-bolt-base,2,2,off,nan,1,1024,64,0,0,0.166057,6.022039,nan,nan,nan,3.651,ok,
amazon/chronos-bolt-base,2,2,off,nan,1,1024,64,1,0,0.114927,8.701151,nan,nan,nan,3.651,ok,
amazon/chronos-bolt-base,2,2,off,nan,1,1024,64,2,0,0.111033,9.006365,nan,nan,nan,3.651,ok,
amazon/chronos-bolt-base,2,2,off,nan,1,1024,64,3,0,0.163021,6.134193,nan,nan,nan,3.651,ok,
amazon/chronos-bolt-base,2,2,off,nan,1,1024,64,4,0,0.111090,9.001739,nan,nan,nan,3.651,ok,
amazon/chronos-bolt-base,2,2,off,nan,1,2048,64,0,1,0.187809,5.324554,nan,nan,nan,3.651,ok,
amazon/chronos-bolt-base,2,2,off,nan,1,2048,64,1,1,0.190385,5.252520,nan,nan,nan,3.651,ok,
amazon/chronos-bolt-base,2,2,off,nan,1,2048,64,0,0,0.131303,7.615966,nan,nan,nan,3.651,ok,
amazon/chronos-bolt-base,2,2,off,nan,1,2048,64,1,0,0.187533,5.332393,nan,nan,nan,3.651,ok,
amazon/chronos-bolt-base,2,2,off,nan,1,2048,64,2,0,0.190261,5.255949,nan,nan,nan,3.651,ok,
amazon/chronos-bolt-base,2,2,off,nan,1,2048,64,3,0,0.189918,5.265425,nan,nan,nan,3.651,ok,
amazon/chronos-bolt-base,2,2,off,nan,1,2048,64,4,0,0.188278,5.311284,nan,nan,nan,3.651,ok,
amazon/chronos-bolt-base,2,4,off,nan,1,64,64,0,1,0.256009,3.906119,nan,nan,nan,3.774,ok,
amazon/chronos-bolt-base,2,4,off,nan,1,64,64,1,1,0.097371,10.270047,nan,nan,nan,3.774,ok,
amazon/chronos-bolt-base,2,4,off,nan,1,64,64,0,0,0.103598,9.652666,nan,nan,nan,3.774,ok,
amazon/chronos-bolt-base,2,4,off,nan,1,64,64,1,0,0.091792,10.894255,nan,nan,nan,3.774,ok,
amazon/chronos-bolt-base,2,4,off,nan,1,64,64,2,0,0.087612,11.414026,nan,nan,nan,3.774,ok,
amazon/chronos-bolt-base,2,4,off,nan,1,64,64,3,0,0.088560,11.291810,nan,nan,nan,3.774,ok,
amazon/chronos-bolt-base,2,4,off,nan,1,64,64,4,0,0.094767,10.552155,nan,nan,nan,3.774,ok,
amazon/chronos-bolt-base,2,4,off,nan,1,128,64,0,1,0.086718,11.531648,nan,nan,nan,3.774,ok,
amazon/chronos-bolt-base,2,4,off,nan,1,128,64,1,1,0.093255,10.723311,nan,nan,nan,3.774,ok,
amazon/chronos-bolt-base,2,4,off,nan,1,128,64,0,0,0.085211,11.735601,nan,nan,nan,3.774,ok,
amazon/chronos-bolt-base,2,4,off,nan,1,128,64,1,0,0.089804,11.135348,nan,nan,nan,3.774,ok,
amazon/chronos-bolt-base,2,4,off,nan,1,128,64,2,0,0.091216,10.963029,nan,nan,nan,3.774,ok,
amazon/chronos-bolt-base,2,4,off,nan,1,128,64,3,0,0.065089,15.363600,nan,nan,nan,3.774,ok,
amazon/chronos-bolt-base,2,4,off,nan,1,128,64,4,0,0.089167,11.214952,nan,nan,nan,3.774,ok,
amazon/chronos-bolt-base,2,4,off,nan,1,256,64,0,1,0.099427,10.057622,nan,nan,nan,3.774,ok,
amazon/chronos-bolt-base,2,4,off,nan,1,256,64,1,1,0.098660,10.135807,nan,nan,nan,3.774,ok,
amazon/chronos-bolt-base,2,4,off,nan,1,256,64,0,0,0.096872,10.322938,nan,nan,nan,3.774,ok,
amazon/chronos-bolt-base,2,4,off,nan,1,256,64,1,0,0.092701,10.787363,nan,nan,nan,3.774,ok,
amazon/chronos-bolt-base,2,4,off,nan,1,256,64,2,0,0.098834,10.118000,nan,nan,nan,3.774,ok,
amazon/chronos-bolt-base,2,4,off,nan,1,256,64,3,0,0.097413,10.265539,nan,nan,nan,3.774,ok,
amazon/chronos-bolt-base,2,4,off,nan,1,256,64,4,0,0.093322,10.715576,nan,nan,nan,3.774,ok,
amazon/chronos-bolt-base,2,4,off,nan,1,512,64,0,1,0.104633,9.557185,nan,nan,nan,3.774,ok,
amazon/chronos-bolt-base,2,4,off,nan,1,512,64,1,1,0.104237,9.593491,nan,nan,nan,3.774,ok,
amazon/chronos-bolt-base,2,4,off,nan,1,512,64,0,0,0.154052,6.491326,nan,nan,nan,3.774,ok,
amazon/chronos-bolt-base,2,4,off,nan,1,512,64,1,0,0.103201,9.689838,nan,nan,nan,3.774,ok,
amazon/chronos-bolt-base,2,4,off,nan,1,512,64,2,0,0.100788,9.921861,nan,nan,nan,3.774,ok,
amazon/chronos-bolt-base,2,4,off,nan,1,512,64,3,0,0.104104,9.605805,nan,nan,nan,3.774,ok,
amazon/chronos-bolt-base,2,4,off,nan,1,512,64,4,0,0.098808,10.120643,nan,nan,nan,3.774,ok,
amazon/chronos-bolt-base,2,4,off,nan,1,1024,64,0,1,0.115249,8.676875,nan,nan,nan,3.774,ok,
amazon/chronos-bolt-base,2,4,off,nan,1,1024,64,1,1,0.162903,6.138624,nan,nan,nan,3.774,ok,
amazon/chronos-bolt-base,2,4,off,nan,1,1024,64,0,0,0.113749,8.791311,nan,nan,nan,3.774,ok,
amazon/chronos-bolt-base,2,4,off,nan,1,1024,64,1,0,0.109956,9.094515,nan,nan,nan,3.774,ok,
amazon/chronos-bolt-base,2,4,off,nan,1,1024,64,2,0,0.165460,6.043759,nan,nan,nan,3.774,ok,
amazon/chronos-bolt-base,2,4,off,nan,1,1024,64,3,0,0.111354,8.980352,nan,nan,nan,3.774,ok,
amazon/chronos-bolt-base,2,4,off,nan,1,1024,64,4,0,0.111562,8.963644,nan,nan,nan,3.774,ok,
amazon/chronos-bolt-base,2,4,off,nan,1,2048,64,0,1,0.188541,5.303885,nan,nan,nan,3.774,ok,
amazon/chronos-bolt-base,2,4,off,nan,1,2048,64,1,1,0.195724,5.109231,nan,nan,nan,3.774,ok,
amazon/chronos-bolt-base,2,4,off,nan,1,2048,64,0,0,0.190125,5.259706,nan,nan,nan,3.774,ok,
amazon/chronos-bolt-base,2,4,off,nan,1,2048,64,1,0,0.188832,5.295699,nan,nan,nan,3.774,ok,
amazon/chronos-bolt-base,2,4,off,nan,1,2048,64,2,0,0.183231,5.457578,nan,nan,nan,3.774,ok,
amazon/chronos-bolt-base,2,4,off,nan,1,2048,64,3,0,0.190944,5.237135,nan,nan,nan,3.774,ok,
amazon/chronos-bolt-base,2,4,off,nan,1,2048,64,4,0,0.139519,7.167508,nan,nan,nan,3.774,ok,
amazon/chronos-bolt-base,2,8,off,nan,1,64,64,0,1,0.168528,5.933733,nan,nan,nan,4.121,ok,
amazon/chronos-bolt-base,2,8,off,nan,1,64,64,1,1,0.092849,10.770133,nan,nan,nan,4.121,ok,
amazon/chronos-bolt-base,2,8,off,nan,1,64,64,0,0,0.116289,8.599279,nan,nan,nan,4.121,ok,
amazon/chronos-bolt-base,2,8,off,nan,1,64,64,1,0,0.090371,11.065514,nan,nan,nan,4.121,ok,
amazon/chronos-bolt-base,2,8,off,nan,1,64,64,2,0,0.089809,11.134683,nan,nan,nan,4.121,ok,
amazon/chronos-bolt-base,2,8,off,nan,1,64,64,3,0,0.089508,11.172223,nan,nan,nan,4.121,ok,
amazon/chronos-bolt-base,2,8,off,nan,1,64,64,4,0,0.090508,11.048744,nan,nan,nan,4.121,ok,
amazon/chronos-bolt-base,2,8,off,nan,1,128,64,0,1,0.093734,10.668494,nan,nan,nan,4.121,ok,
amazon/chronos-bolt-base,2,8,off,nan,1,128,64,1,1,0.110313,9.065085,nan,nan,nan,4.121,ok,
amazon/chronos-bolt-base,2,8,off,nan,1,128,64,0,0,0.091380,10.943339,nan,nan,nan,4.121,ok,
amazon/chronos-bolt-base,2,8,off,nan,1,128,64,1,0,0.094672,10.562753,nan,nan,nan,4.121,ok,
amazon/chronos-bolt-base,2,8,off,nan,1,128,64,2,0,0.085323,11.720153,nan,nan,nan,4.121,ok,
amazon/chronos-bolt-base,2,8,off,nan,1,128,64,3,0,0.098239,10.179269,nan,nan,nan,4.121,ok,
amazon/chronos-bolt-base,2,8,off,nan,1,128,64,4,0,0.093220,10.727264,nan,nan,nan,4.121,ok,
amazon/chronos-bolt-base,2,8,off,nan,1,256,64,0,1,0.098968,10.104311,nan,nan,nan,4.121,ok,
amazon/chronos-bolt-base,2,8,off,nan,1,256,64,1,1,0.093389,10.707932,nan,nan,nan,4.121,ok,
amazon/chronos-bolt-base,2,8,off,nan,1,256,64,0,0,0.098563,10.145820,nan,nan,nan,4.121,ok,
amazon/chronos-bolt-base,2,8,off,nan,1,256,64,1,0,0.093980,10.640564,nan,nan,nan,4.121,ok,
amazon/chronos-bolt-base,2,8,off,nan,1,256,64,2,0,0.096983,10.311101,nan,nan,nan,4.121,ok,
amazon/chronos-bolt-base,2,8,off,nan,1,256,64,3,0,0.093488,10.696514,nan,nan,nan,4.121,ok,
amazon/chronos-bolt-base,2,8,off,nan,1,256,64,4,0,0.097417,10.265193,nan,nan,nan,4.121,ok,
amazon/chronos-bolt-base,2,8,off,nan,1,512,64,0,1,0.102391,9.766473,nan,nan,nan,4.121,ok,
amazon/chronos-bolt-base,2,8,off,nan,1,512,64,1,1,0.105441,9.483934,nan,nan,nan,4.121,ok,
amazon/chronos-bolt-base,2,8,off,nan,1,512,64,0,0,0.100035,9.996497,nan,nan,nan,4.121,ok,
amazon/chronos-bolt-base,2,8,off,nan,1,512,64,1,0,0.107444,9.307179,nan,nan,nan,4.121,ok,
amazon/chronos-bolt-base,2,8,off,nan,1,512,64,2,0,0.100720,9.928503,nan,nan,nan,4.121,ok,
amazon/chronos-bolt-base,2,8,off,nan,1,512,64,3,0,0.153179,6.528329,nan,nan,nan,4.121,ok,
amazon/chronos-bolt-base,2,8,off,nan,1,512,64,4,0,0.104775,9.544296,nan,nan,nan,4.121,ok,
amazon/chronos-bolt-base,2,8,off,nan,1,1024,64,0,1,0.116901,8.554239,nan,nan,nan,4.121,ok,
amazon/chronos-bolt-base,2,8,off,nan,1,1024,64,1,1,0.166185,6.017405,nan,nan,nan,4.121,ok,
amazon/chronos-bolt-base,2,8,off,nan,1,1024,64,0,0,0.115443,8.662247,nan,nan,nan,4.121,ok,
amazon/chronos-bolt-base,2,8,off,nan,1,1024,64,1,0,0.111978,8.930314,nan,nan,nan,4.121,ok,
amazon/chronos-bolt-base,2,8,off,nan,1,1024,64,2,0,0.162109,6.168700,nan,nan,nan,4.121,ok,
amazon/chronos-bolt-base,2,8,off,nan,1,1024,64,3,0,0.093455,10.700327,nan,nan,nan,4.121,ok,
amazon/chronos-bolt-base,2,8,off,nan,1,1024,64,4,0,0.115704,8.642766,nan,nan,nan,4.121,ok,
amazon/chronos-bolt-base,2,8,off,nan,1,2048,64,0,1,0.185636,5.386892,nan,nan,nan,4.121,ok,
amazon/chronos-bolt-base,2,8,off,nan,1,2048,64,1,1,0.188000,5.319161,nan,nan,nan,4.121,ok,
amazon/chronos-bolt-base,2,8,off,nan,1,2048,64,0,0,0.190923,5.237707,nan,nan,nan,4.121,ok,
amazon/chronos-bolt-base,2,8,off,nan,1,2048,64,1,0,0.186458,5.363136,nan,nan,nan,4.121,ok,
amazon/chronos-bolt-base,2,8,off,nan,1,2048,64,2,0,0.185987,5.376727,nan,nan,nan,4.121,ok,
amazon/chronos-bolt-base,2,8,off,nan,1,2048,64,3,0,0.131735,7.590997,nan,nan,nan,4.121,ok,
amazon/chronos-bolt-base,2,8,off,nan,1,2048,64,4,0,0.186101,5.373439,nan,nan,nan,4.121,ok,
amazon/chronos-bolt-base,2,16,off,nan,1,64,64,0,1,0.084107,11.889644,nan,nan,nan,3.720,ok,
amazon/chronos-bolt-base,2,16,off,nan,1,64,64,1,1,0.042051,23.780454,nan,nan,nan,3.720,ok,
amazon/chronos-bolt-base,2,16,off,nan,1,64,64,0,0,0.083206,12.018320,nan,nan,nan,3.720,ok,
amazon/chronos-bolt-base,2,16,off,nan,1,64,64,1,0,0.087420,11.439031,nan,nan,nan,3.720,ok,
amazon/chronos-bolt-base,2,16,off,nan,1,64,64,2,0,0.090013,11.109495,nan,nan,nan,3.720,ok,
amazon/chronos-bolt-base,2,16,off,nan,1,64,64,3,0,0.087781,11.391933,nan,nan,nan,3.720,ok,
amazon/chronos-bolt-base,2,16,off,nan,1,64,64,4,0,0.093462,10.699557,nan,nan,nan,3.720,ok,
amazon/chronos-bolt-base,2,16,off,nan,1,128,64,0,1,0.092549,10.805112,nan,nan,nan,3.720,ok,
amazon/chronos-bolt-base,2,16,off,nan,1,128,64,1,1,0.093126,10.738099,nan,nan,nan,3.720,ok,
amazon/chronos-bolt-base,2,16,off,nan,1,128,64,0,0,0.089952,11.117032,nan,nan,nan,3.720,ok,
amazon/chronos-bolt-base,2,16,off,nan,1,128,64,1,0,0.089056,11.228934,nan,nan,nan,3.720,ok,
amazon/chronos-bolt-base,2,16,off,nan,1,128,64,2,0,0.044849,22.297263,nan,nan,nan,3.720,ok,
amazon/chronos-bolt-base,2,16,off,nan,1,128,64,3,0,0.085578,11.685303,nan,nan,nan,3.720,ok,
amazon/chronos-bolt-base,2,16,off,nan,1,128,64,4,0,0.088983,11.238080,nan,nan,nan,3.720,ok,
amazon/chronos-bolt-base,2,16,off,nan,1,256,64,0,1,0.098462,10.156245,nan,nan,nan,3.720,ok,
amazon/chronos-bolt-base,2,16,off,nan,1,256,64,1,1,0.099924,10.007589,nan,nan,nan,3.720,ok,
amazon/chronos-bolt-base,2,16,off,nan,1,256,64,0,0,0.152642,6.551292,nan,nan,nan,3.720,ok,
amazon/chronos-bolt-base,2,16,off,nan,1,256,64,1,0,0.118375,8.447710,nan,nan,nan,3.720,ok,
amazon/chronos-bolt-base,2,16,off,nan,1,256,64,2,0,0.054072,18.493818,nan,nan,nan,3.720,ok,
amazon/chronos-bolt-base,2,16,off,nan,1,256,64,3,0,0.093559,10.688433,nan,nan,nan,3.720,ok,
amazon/chronos-bolt-base,2,16,off,nan,1,256,64,4,0,0.095146,10.510206,nan,nan,nan,3.720,ok,
amazon/chronos-bolt-base,2,16,off,nan,1,512,64,0,1,0.099130,10.087715,nan,nan,nan,3.720,ok,
amazon/chronos-bolt-base,2,16,off,nan,1,512,64,1,1,0.057392,17.424067,nan,nan,nan,3.720,ok,
amazon/chronos-bolt-base,2,16,off,nan,1,512,64,0,0,0.143718,6.958082,nan,nan,nan,3.720,ok,
amazon/chronos-bolt-base,2,16,off,nan,1,512,64,1,0,0.103779,9.635818,nan,nan,nan,3.720,ok,
amazon/chronos-bolt-base,2,16,off,nan,1,512,64,2,0,0.098909,10.110336,nan,nan,nan,3.720,ok,
amazon/chronos-bolt-base,2,16,off,nan,1,512,64,3,0,0.099371,10.063291,nan,nan,nan,3.720,ok,
amazon/chronos-bolt-base,2,16,off,nan,1,512,64,4,0,0.103096,9.699675,nan,nan,nan,3.720,ok,
amazon/chronos-bolt-base,2,16,off,nan,1,1024,64,0,1,0.106659,9.375694,nan,nan,nan,3.720,ok,
amazon/chronos-bolt-base,2,16,off,nan,1,1024,64,1,1,0.162346,6.159695,nan,nan,nan,3.720,ok,
amazon/chronos-bolt-base,2,16,off,nan,1,1024,64,0,0,0.111637,8.957573,nan,nan,nan,3.720,ok,
amazon/chronos-bolt-base,2,16,off,nan,1,1024,64,1,0,0.111355,8.980248,nan,nan,nan,3.720,ok,
amazon/chronos-bolt-base,2,16,off,nan,1,1024,64,2,0,0.162360,6.159142,nan,nan,nan,3.720,ok,
amazon/chronos-bolt-base,2,16,off,nan,1,1024,64,3,0,0.117901,8.481721,nan,nan,nan,3.720,ok,
amazon/chronos-bolt-base,2,16,off,nan,1,1024,64,4,0,0.109431,9.138202,nan,nan,nan,3.720,ok,
amazon/chronos-bolt-base,2,16,off,nan,1,2048,64,0,1,0.197986,5.050875,nan,nan,nan,3.720,ok,
amazon/chronos-bolt-base,2,16,off,nan,1,2048,64,1,1,0.190739,5.242756,nan,nan,nan,3.720,ok,
amazon/chronos-bolt-base,2,16,off,nan,1,2048,64,0,0,0.200177,4.995579,nan,nan,nan,3.720,ok,
amazon/chronos-bolt-base,2,16,off,nan,1,2048,64,1,0,0.198810,5.029934,nan,nan,nan,3.720,ok,
amazon/chronos-bolt-base,2,16,off,nan,1,2048,64,2,0,0.182358,5.483715,nan,nan,nan,3.720,ok,
amazon/chronos-bolt-base,2,16,off,nan,1,2048,64,3,0,0.259528,3.853142,nan,nan,nan,3.720,ok,
amazon/chronos-bolt-base,2,16,off,nan,1,2048,64,4,0,0.199459,5.013565,nan,nan,nan,3.720,ok,
amazon/chronos-bolt-base,4,2,off,nan,1,64,64,0,1,0.154888,6.456281,nan,nan,nan,3.640,ok,
amazon/chronos-bolt-base,4,2,off,nan,1,64,64,1,1,0.044221,22.613460,nan,nan,nan,3.640,ok,
amazon/chronos-bolt-base,4,2,off,nan,1,64,64,0,0,0.043757,22.853375,nan,nan,nan,3.640,ok,
amazon/chronos-bolt-base,4,2,off,nan,1,64,64,1,0,0.043119,23.191385,nan,nan,nan,3.640,ok,
amazon/chronos-bolt-base,4,2,off,nan,1,64,64,2,0,0.044867,22.287877,nan,nan,nan,3.640,ok,
amazon/chronos-bolt-base,4,2,off,nan,1,64,64,3,0,0.043581,22.945705,nan,nan,nan,3.640,ok,
amazon/chronos-bolt-base,4,2,off,nan,1,64,64,4,0,0.043138,23.181394,nan,nan,nan,3.640,ok,
amazon/chronos-bolt-base,4,2,off,nan,1,128,64,0,1,0.048410,20.657013,nan,nan,nan,3.640,ok,
amazon/chronos-bolt-base,4,2,off,nan,1,128,64,1,1,0.046494,21.508295,nan,nan,nan,3.640,ok,
amazon/chronos-bolt-base,4,2,off,nan,1,128,64,0,0,0.047696,20.966073,nan,nan,nan,3.640,ok,
amazon/chronos-bolt-base,4,2,off,nan,1,128,64,1,0,0.047213,21.180675,nan,nan,nan,3.640,ok,
amazon/chronos-bolt-base,4,2,off,nan,1,128,64,2,0,0.046699,21.413598,nan,nan,nan,3.640,ok,
amazon/chronos-bolt-base,4,2,off,nan,1,128,64,3,0,0.046409,21.547584,nan,nan,nan,3.640,ok,
amazon/chronos-bolt-base,4,2,off,nan,1,128,64,4,0,0.045653,21.904203,nan,nan,nan,3.640,ok,
amazon/chronos-bolt-base,4,2,off,nan,1,256,64,0,1,0.052103,19.192794,nan,nan,nan,3.640,ok,
amazon/chronos-bolt-base,4,2,off,nan,1,256,64,1,1,0.051864,19.281226,nan,nan,nan,3.640,ok,
amazon/chronos-bolt-base,4,2,off,nan,1,256,64,0,0,0.051427,19.444973,nan,nan,nan,3.640,ok,
amazon/chronos-bolt-base,4,2,off,nan,1,256,64,1,0,0.050574,19.773191,nan,nan,nan,3.640,ok,
amazon/chronos-bolt-base,4,2,off,nan,1,256,64,2,0,0.050408,19.838164,nan,nan,nan,3.640,ok,
amazon/chronos-bolt-base,4,2,off,nan,1,256,64,3,0,0.050298,19.881384,nan,nan,nan,3.640,ok,
amazon/chronos-bolt-base,4,2,off,nan,1,256,64,4,0,0.049977,20.009157,nan,nan,nan,3.640,ok,
amazon/chronos-bolt-base,4,2,off,nan,1,512,64,0,1,0.058068,17.221287,nan,nan,nan,3.640,ok,
amazon/chronos-bolt-base,4,2,off,nan,1,512,64,1,1,0.058316,17.147837,nan,nan,nan,3.640,ok,
amazon/chronos-bolt-base,4,2,off,nan,1,512,64,0,0,0.089571,11.164268,nan,nan,nan,3.640,ok,
amazon/chronos-bolt-base,4,2,off,nan,1,512,64,1,0,0.076439,13.082262,nan,nan,nan,3.640,ok,
amazon/chronos-bolt-base,4,2,off,nan,1,512,64,2,0,0.055831,17.911101,nan,nan,nan,3.640,ok,
amazon/chronos-bolt-base,4,2,off,nan,1,512,64,3,0,0.056130,17.815767,nan,nan,nan,3.640,ok,
amazon/chronos-bolt-base,4,2,off,nan,1,512,64,4,0,0.055728,17.944450,nan,nan,nan,3.640,ok,
amazon/chronos-bolt-base,4,2,off,nan,1,1024,64,0,1,0.068658,14.564841,nan,nan,nan,3.640,ok,
amazon/chronos-bolt-base,4,2,off,nan,1,1024,64,1,1,0.068340,14.632742,nan,nan,nan,3.640,ok,
amazon/chronos-bolt-base,4,2,off,nan,1,1024,64,0,0,0.068680,14.560366,nan,nan,nan,3.640,ok,
amazon/chronos-bolt-base,4,2,off,nan,1,1024,64,1,0,0.067552,14.803493,nan,nan,nan,3.640,ok,
amazon/chronos-bolt-base,4,2,off,nan,1,1024,64,2,0,0.068985,14.495968,nan,nan,nan,3.640,ok,
amazon/chronos-bolt-base,4,2,off,nan,1,1024,64,3,0,0.067717,14.767273,nan,nan,nan,3.640,ok,
amazon/chronos-bolt-base,4,2,off,nan,1,1024,64,4,0,0.066691,14.994600,nan,nan,nan,3.640,ok,
amazon/chronos-bolt-base,4,2,off,nan,1,2048,64,0,1,0.092694,10.788131,nan,nan,nan,3.640,ok,
amazon/chronos-bolt-base,4,2,off,nan,1,2048,64,1,1,0.092692,10.788439,nan,nan,nan,3.640,ok,
amazon/chronos-bolt-base,4,2,off,nan,1,2048,64,0,0,0.093997,10.638617,nan,nan,nan,3.640,ok,
amazon/chronos-bolt-base,4,2,off,nan,1,2048,64,1,0,0.093418,10.704616,nan,nan,nan,3.640,ok,
amazon/chronos-bolt-base,4,2,off,nan,1,2048,64,2,0,0.092302,10.834034,nan,nan,nan,3.640,ok,
amazon/chronos-bolt-base,4,2,off,nan,1,2048,64,3,0,0.091763,10.897585,nan,nan,nan,3.640,ok,
amazon/chronos-bolt-base,4,2,off,nan,1,2048,64,4,0,0.092003,10.869249,nan,nan,nan,3.640,ok,
amazon/chronos-bolt-base,4,4,off,nan,1,64,64,0,1,0.052151,19.175247,nan,nan,nan,3.846,ok,
amazon/chronos-bolt-base,4,4,off,nan,1,64,64,1,1,0.043608,22.931500,nan,nan,nan,3.846,ok,
amazon/chronos-bolt-base,4,4,off,nan,1,64,64,0,0,0.042803,23.362704,nan,nan,nan,3.846,ok,
amazon/chronos-bolt-base,4,4,off,nan,1,64,64,1,0,0.047014,21.270052,nan,nan,nan,3.846,ok,
amazon/chronos-bolt-base,4,4,off,nan,1,64,64,2,0,0.042667,23.437244,nan,nan,nan,3.846,ok,
amazon/chronos-bolt-base,4,4,off,nan,1,64,64,3,0,0.042299,23.641486,nan,nan,nan,3.846,ok,
amazon/chronos-bolt-base,4,4,off,nan,1,64,64,4,0,0.042808,23.360199,nan,nan,nan,3.846,ok,
amazon/chronos-bolt-base,4,4,off,nan,1,128,64,0,1,0.044811,22.316132,nan,nan,nan,3.846,ok,
amazon/chronos-bolt-base,4,4,off,nan,1,128,64,1,1,0.048668,20.547197,nan,nan,nan,3.846,ok,
amazon/chronos-bolt-base,4,4,off,nan,1,128,64,0,0,0.045445,22.004430,nan,nan,nan,3.846,ok,
amazon/chronos-bolt-base,4,4,off,nan,1,128,64,1,0,0.045847,21.811859,nan,nan,nan,3.846,ok,
amazon/chronos-bolt-base,4,4,off,nan,1,128,64,2,0,0.045728,21.868337,nan,nan,nan,3.846,ok,
amazon/chronos-bolt-base,4,4,off,nan,1,128,64,3,0,0.045157,22.144834,nan,nan,nan,3.846,ok,
amazon/chronos-bolt-base,4,4,off,nan,1,128,64,4,0,0.045974,21.751274,nan,nan,nan,3.846,ok,
amazon/chronos-bolt-base,4,4,off,nan,1,256,64,0,1,0.049452,20.221755,nan,nan,nan,3.846,ok,
amazon/chronos-bolt-base,4,4,off,nan,1,256,64,1,1,0.051021,19.599783,nan,nan,nan,3.846,ok,
amazon/chronos-bolt-base,4,4,off,nan,1,256,64,0,0,0.049083,20.373571,nan,nan,nan,3.846,ok,
amazon/chronos-bolt-base,4,4,off,nan,1,256,64,1,0,0.054944,18.200308,nan,nan,nan,3.846,ok,
amazon/chronos-bolt-base,4,4,off,nan,1,256,64,2,0,0.049606,20.159020,nan,nan,nan,3.846,ok,
amazon/chronos-bolt-base,4,4,off,nan,1,256,64,3,0,0.048878,20.459094,nan,nan,nan,3.846,ok,
amazon/chronos-bolt-base,4,4,off,nan,1,256,64,4,0,0.048935,20.435396,nan,nan,nan,3.846,ok,
amazon/chronos-bolt-base,4,4,off,nan,1,512,64,0,1,0.056042,17.843638,nan,nan,nan,3.846,ok,
amazon/chronos-bolt-base,4,4,off,nan,1,512,64,1,1,0.055523,18.010635,nan,nan,nan,3.846,ok,
amazon/chronos-bolt-base,4,4,off,nan,1,512,64,0,0,0.062029,16.121535,nan,nan,nan,3.846,ok,
amazon/chronos-bolt-base,4,4,off,nan,1,512,64,1,0,0.055535,18.006708,nan,nan,nan,3.846,ok,
amazon/chronos-bolt-base,4,4,off,nan,1,512,64,2,0,0.055188,18.120039,nan,nan,nan,3.846,ok,
amazon/chronos-bolt-base,4,4,off,nan,1,512,64,3,0,0.055131,18.138582,nan,nan,nan,3.846,ok,
amazon/chronos-bolt-base,4,4,off,nan,1,512,64,4,0,0.054535,18.337001,nan,nan,nan,3.846,ok,
amazon/chronos-bolt-base,4,4,off,nan,1,1024,64,0,1,0.065838,15.188827,nan,nan,nan,3.846,ok,
amazon/chronos-bolt-base,4,4,off,nan,1,1024,64,1,1,0.066911,14.945257,nan,nan,nan,3.846,ok,
amazon/chronos-bolt-base,4,4,off,nan,1,1024,64,0,0,0.066903,14.946934,nan,nan,nan,3.846,ok,
amazon/chronos-bolt-base,4,4,off,nan,1,1024,64,1,0,0.065650,15.232188,nan,nan,nan,3.846,ok,
amazon/chronos-bolt-base,4,4,off,nan,1,1024,64,2,0,0.066442,15.050781,nan,nan,nan,3.846,ok,
amazon/chronos-bolt-base,4,4,off,nan,1,1024,64,3,0,0.066420,15.055610,nan,nan,nan,3.846,ok,
amazon/chronos-bolt-base,4,4,off,nan,1,1024,64,4,0,0.065830,15.190544,nan,nan,nan,3.846,ok,
amazon/chronos-bolt-base,4,4,off,nan,1,2048,64,0,1,0.090746,11.019735,nan,nan,nan,3.846,ok,
amazon/chronos-bolt-base,4,4,off,nan,1,2048,64,1,1,0.092011,10.868298,nan,nan,nan,3.846,ok,
amazon/chronos-bolt-base,4,4,off,nan,1,2048,64,0,0,0.092564,10.803341,nan,nan,nan,3.846,ok,
amazon/chronos-bolt-base,4,4,off,nan,1,2048,64,1,0,0.094618,10.568790,nan,nan,nan,3.846,ok,
amazon/chronos-bolt-base,4,4,off,nan,1,2048,64,2,0,0.091590,10.918180,nan,nan,nan,3.846,ok,
amazon/chronos-bolt-base,4,4,off,nan,1,2048,64,3,0,0.091720,10.902715,nan,nan,nan,3.846,ok,
amazon/chronos-bolt-base,4,4,off,nan,1,2048,64,4,0,0.092657,10.792471,nan,nan,nan,3.846,ok,
amazon/chronos-bolt-base,4,8,off,nan,1,64,64,0,1,0.128777,7.765376,nan,nan,nan,3.669,ok,
amazon/chronos-bolt-base,4,8,off,nan,1,64,64,1,1,0.042752,23.390707,nan,nan,nan,3.669,ok,
amazon/chronos-bolt-base,4,8,off,nan,1,64,64,0,0,0.042376,23.598287,nan,nan,nan,3.669,ok,
amazon/chronos-bolt-base,4,8,off,nan,1,64,64,1,0,0.045912,21.780938,nan,nan,nan,3.669,ok,
amazon/chronos-bolt-base,4,8,off,nan,1,64,64,2,0,0.047533,21.038126,nan,nan,nan,3.669,ok,
amazon/chronos-bolt-base,4,8,off,nan,1,64,64,3,0,0.041954,23.835526,nan,nan,nan,3.669,ok,
amazon/chronos-bolt-base,4,8,off,nan,1,64,64,4,0,0.045714,21.875023,nan,nan,nan,3.669,ok,
amazon/chronos-bolt-base,4,8,off,nan,1,128,64,0,1,0.045305,22.072736,nan,nan,nan,3.669,ok,
amazon/chronos-bolt-base,4,8,off,nan,1,128,64,1,1,0.049097,20.367978,nan,nan,nan,3.669,ok,
amazon/chronos-bolt-base,4,8,off,nan,1,128,64,0,0,0.054958,18.195786,nan,nan,nan,3.669,ok,
amazon/chronos-bolt-base,4,8,off,nan,1,128,64,1,0,0.049355,20.261541,nan,nan,nan,3.669,ok,
amazon/chronos-bolt-base,4,8,off,nan,1,128,64,2,0,0.047048,21.255016,nan,nan,nan,3.669,ok,
amazon/chronos-bolt-base,4,8,off,nan,1,128,64,3,0,0.046333,21.582968,nan,nan,nan,3.669,ok,
amazon/chronos-bolt-base,4,8,off,nan,1,128,64,4,0,0.053036,18.855224,nan,nan,nan,3.669,ok,
amazon/chronos-bolt-base,4,8,off,nan,1,256,64,0,1,0.050868,19.658539,nan,nan,nan,3.669,ok,
amazon/chronos-bolt-base,4,8,off,nan,1,256,64,1,1,0.065466,15.275182,nan,nan,nan,3.669,ok,
amazon/chronos-bolt-base,4,8,off,nan,1,256,64,0,0,0.074249,13.468228,nan,nan,nan,3.669,ok,
amazon/chronos-bolt-base,4,8,off,nan,1,256,64,1,0,0.050676,19.733086,nan,nan,nan,3.669,ok,
amazon/chronos-bolt-base,4,8,off,nan,1,256,64,2,0,0.078806,12.689325,nan,nan,nan,3.669,ok,
amazon/chronos-bolt-base,4,8,off,nan,1,256,64,3,0,0.049319,20.276200,nan,nan,nan,3.669,ok,
amazon/chronos-bolt-base,4,8,off,nan,1,256,64,4,0,0.049102,20.365790,nan,nan,nan,3.669,ok,
amazon/chronos-bolt-base,4,8,off,nan,1,512,64,0,1,0.057062,17.524882,nan,nan,nan,3.669,ok,
amazon/chronos-bolt-base,4,8,off,nan,1,512,64,1,1,0.056444,17.716561,nan,nan,nan,3.669,ok,
amazon/chronos-bolt-base,4,8,off,nan,1,512,64,0,0,0.056566,17.678596,nan,nan,nan,3.669,ok,
amazon/chronos-bolt-base,4,8,off,nan,1,512,64,1,0,0.055405,18.048765,nan,nan,nan,3.669,ok,
amazon/chronos-bolt-base,4,8,off,nan,1,512,64,2,0,0.055155,18.130706,nan,nan,nan,3.669,ok,
amazon/chronos-bolt-base,4,8,off,nan,1,512,64,3,0,0.055637,17.973503,nan,nan,nan,3.669,ok,
amazon/chronos-bolt-base,4,8,off,nan,1,512,64,4,0,0.055453,18.033261,nan,nan,nan,3.669,ok,
amazon/chronos-bolt-base,4,8,off,nan,1,1024,64,0,1,0.068499,14.598770,nan,nan,nan,3.669,ok,
amazon/chronos-bolt-base,4,8,off,nan,1,1024,64,1,1,0.067986,14.708915,nan,nan,nan,3.669,ok,
amazon/chronos-bolt-base,4,8,off,nan,1,1024,64,0,0,0.067555,14.802758,nan,nan,nan,3.669,ok,
amazon/chronos-bolt-base,4,8,off,nan,1,1024,64,1,0,0.067322,14.853989,nan,nan,nan,3.669,ok,
amazon/chronos-bolt-base,4,8,off,nan,1,1024,64,2,0,0.092561,10.803675,nan,nan,nan,3.669,ok,
amazon/chronos-bolt-base,4,8,off,nan,1,1024,64,3,0,0.093514,10.693614,nan,nan,nan,3.669,ok,
amazon/chronos-bolt-base,4,8,off,nan,1,1024,64,4,0,0.075573,13.232208,nan,nan,nan,3.669,ok,
amazon/chronos-bolt-base,4,8,off,nan,1,2048,64,0,1,0.095741,10.444869,nan,nan,nan,3.669,ok,
amazon/chronos-bolt-base,4,8,off,nan,1,2048,64,1,1,0.090748,11.019566,nan,nan,nan,3.669,ok,
amazon/chronos-bolt-base,4,8,off,nan,1,2048,64,0,0,0.133644,7.482544,nan,nan,nan,3.669,ok,
amazon/chronos-bolt-base,4,8,off,nan,1,2048,64,1,0,0.096182,10.396965,nan,nan,nan,3.669,ok,
amazon/chronos-bolt-base,4,8,off,nan,1,2048,64,2,0,0.090917,10.999060,nan,nan,nan,3.669,ok,
amazon/chronos-bolt-base,4,8,off,nan,1,2048,64,3,0,0.092279,10.836727,nan,nan,nan,3.669,ok,
amazon/chronos-bolt-base,4,8,off,nan,1,2048,64,4,0,0.091355,10.946325,nan,nan,nan,3.669,ok,
amazon/chronos-bolt-base,4,16,off,nan,1,64,64,0,1,0.065813,15.194474,nan,nan,nan,3.595,ok,
amazon/chronos-bolt-base,4,16,off,nan,1,64,64,1,1,0.042681,23.429378,nan,nan,nan,3.595,ok,
amazon/chronos-bolt-base,4,16,off,nan,1,64,64,0,0,0.042246,23.671069,nan,nan,nan,3.595,ok,
amazon/chronos-bolt-base,4,16,off,nan,1,64,64,1,0,0.043113,23.194847,nan,nan,nan,3.595,ok,
amazon/chronos-bolt-base,4,16,off,nan,1,64,64,2,0,0.042070,23.769945,nan,nan,nan,3.595,ok,
amazon/chronos-bolt-base,4,16,off,nan,1,64,64,3,0,0.042236,23.676593,nan,nan,nan,3.595,ok,
amazon/chronos-bolt-base,4,16,off,nan,1,64,64,4,0,0.041971,23.826076,nan,nan,nan,3.595,ok,
amazon/chronos-bolt-base,4,16,off,nan,1,128,64,0,1,0.045309,22.070896,nan,nan,nan,3.595,ok,
amazon/chronos-bolt-base,4,16,off,nan,1,128,64,1,1,0.044993,22.225485,nan,nan,nan,3.595,ok,
amazon/chronos-bolt-base,4,16,off,nan,1,128,64,0,0,0.045169,22.139009,nan,nan,nan,3.595,ok,
amazon/chronos-bolt-base,4,16,off,nan,1,128,64,1,0,0.044687,22.377731,nan,nan,nan,3.595,ok,
amazon/chronos-bolt-base,4,16,off,nan,1,128,64,2,0,0.045547,21.955336,nan,nan,nan,3.595,ok,
amazon/chronos-bolt-base,4,16,off,nan,1,128,64,3,0,0.045708,21.878120,nan,nan,nan,3.595,ok,
amazon/chronos-bolt-base,4,16,off,nan,1,128,64,4,0,0.045216,22.116044,nan,nan,nan,3.595,ok,
amazon/chronos-bolt-base,4,16,off,nan,1,256,64,0,1,0.050143,19.943064,nan,nan,nan,3.595,ok,
amazon/chronos-bolt-base,4,16,off,nan,1,256,64,1,1,0.049691,20.124533,nan,nan,nan,3.595,ok,
amazon/chronos-bolt-base,4,16,off,nan,1,256,64,0,0,0.049497,20.203072,nan,nan,nan,3.595,ok,
amazon/chronos-bolt-base,4,16,off,nan,1,256,64,1,0,0.048444,20.642499,nan,nan,nan,3.595,ok,
amazon/chronos-bolt-base,4,16,off,nan,1,256,64,2,0,0.049522,20.193134,nan,nan,nan,3.595,ok,
amazon/chronos-bolt-base,4,16,off,nan,1,256,64,3,0,0.048383,20.668394,nan,nan,nan,3.595,ok,
amazon/chronos-bolt-base,4,16,off,nan,1,256,64,4,0,0.049782,20.087669,nan,nan,nan,3.595,ok,
amazon/chronos-bolt-base,4,16,off,nan,1,512,64,0,1,0.057123,17.506091,nan,nan,nan,3.595,ok,
amazon/chronos-bolt-base,4,16,off,nan,1,512,64,1,1,0.057764,17.311912,nan,nan,nan,3.595,ok,
amazon/chronos-bolt-base,4,16,off,nan,1,512,64,0,0,0.054514,18.343896,nan,nan,nan,3.595,ok,
amazon/chronos-bolt-base,4,16,off,nan,1,512,64,1,0,0.056803,17.604700,nan,nan,nan,3.595,ok,
amazon/chronos-bolt-base,4,16,off,nan,1,512,64,2,0,0.058639,17.053628,nan,nan,nan,3.595,ok,
amazon/chronos-bolt-base,4,16,off,nan,1,512,64,3,0,0.056177,17.800735,nan,nan,nan,3.595,ok,
amazon/chronos-bolt-base,4,16,off,nan,1,512,64,4,0,0.056337,17.750338,nan,nan,nan,3.595,ok,
amazon/chronos-bolt-base,4,16,off,nan,1,1024,64,0,1,0.069537,14.380838,nan,nan,nan,3.595,ok,
amazon/chronos-bolt-base,4,16,off,nan,1,1024,64,1,1,0.067320,14.854395,nan,nan,nan,3.595,ok,
amazon/chronos-bolt-base,4,16,off,nan,1,1024,64,0,0,0.065638,15.235124,nan,nan,nan,3.595,ok,
amazon/chronos-bolt-base,4,16,off,nan,1,1024,64,1,0,0.067585,14.796080,nan,nan,nan,3.595,ok,
amazon/chronos-bolt-base,4,16,off,nan,1,1024,64,2,0,0.067963,14.713979,nan,nan,nan,3.595,ok,
amazon/chronos-bolt-base,4,16,off,nan,1,1024,64,3,0,0.066615,15.011602,nan,nan,nan,3.595,ok,
amazon/chronos-bolt-base,4,16,off,nan,1,1024,64,4,0,0.066552,15.025818,nan,nan,nan,3.595,ok,
amazon/chronos-bolt-base,4,16,off,nan,1,2048,64,0,1,0.094679,10.561958,nan,nan,nan,3.595,ok,
amazon/chronos-bolt-base,4,16,off,nan,1,2048,64,1,1,0.091077,10.979773,nan,nan,nan,3.595,ok,
amazon/chronos-bolt-base,4,16,off,nan,1,2048,64,0,0,0.090278,11.076858,nan,nan,nan,3.595,ok,
amazon/chronos-bolt-base,4,16,off,nan,1,2048,64,1,0,0.090519,11.047456,nan,nan,nan,3.595,ok,
amazon/chronos-bolt-base,4,16,off,nan,1,2048,64,2,0,0.091470,10.932504,nan,nan,nan,3.595,ok,
amazon/chronos-bolt-base,4,16,off,nan,1,2048,64,3,0,0.091711,10.903811,nan,nan,nan,3.595,ok,
amazon/chronos-bolt-base,4,16,off,nan,1,2048,64,4,0,0.092092,10.858723,nan,nan,nan,3.595,ok,
amazon/chronos-bolt-base,8,2,off,nan,1,64,64,0,1,0.056112,17.821630,nan,nan,nan,3.126,ok,
amazon/chronos-bolt-base,8,2,off,nan,1,64,64,1,1,0.042682,23.429281,nan,nan,nan,3.126,ok,
amazon/chronos-bolt-base,8,2,off,nan,1,64,64,0,0,0.042235,23.677276,nan,nan,nan,3.126,ok,
amazon/chronos-bolt-base,8,2,off,nan,1,64,64,1,0,0.041519,24.085486,nan,nan,nan,3.126,ok,
amazon/chronos-bolt-base,8,2,off,nan,1,64,64,2,0,0.042455,23.554574,nan,nan,nan,3.126,ok,
amazon/chronos-bolt-base,8,2,off,nan,1,64,64,3,0,0.042259,23.663851,nan,nan,nan,3.126,ok,
amazon/chronos-bolt-base,8,2,off,nan,1,64,64,4,0,0.042723,23.406526,nan,nan,nan,3.126,ok,
amazon/chronos-bolt-base,8,2,off,nan,1,128,64,0,1,0.045005,22.219719,nan,nan,nan,3.126,ok,
amazon/chronos-bolt-base,8,2,off,nan,1,128,64,1,1,0.049429,20.231134,nan,nan,nan,3.126,ok,
amazon/chronos-bolt-base,8,2,off,nan,1,128,64,0,0,0.045988,21.744572,nan,nan,nan,3.126,ok,
amazon/chronos-bolt-base,8,2,off,nan,1,128,64,1,0,0.045034,22.205266,nan,nan,nan,3.126,ok,
amazon/chronos-bolt-base,8,2,off,nan,1,128,64,2,0,0.045498,21.978815,nan,nan,nan,3.126,ok,
amazon/chronos-bolt-base,8,2,off,nan,1,128,64,3,0,0.044400,22.522691,nan,nan,nan,3.126,ok,
amazon/chronos-bolt-base,8,2,off,nan,1,128,64,4,0,0.044672,22.385276,nan,nan,nan,3.126,ok,
amazon/chronos-bolt-base,8,2,off,nan,1,256,64,0,1,0.050270,19.892668,nan,nan,nan,3.126,ok,
amazon/chronos-bolt-base,8,2,off,nan,1,256,64,1,1,0.056746,17.622293,nan,nan,nan,3.126,ok,
amazon/chronos-bolt-base,8,2,off,nan,1,256,64,0,0,0.054306,18.414221,nan,nan,nan,3.126,ok,
amazon/chronos-bolt-base,8,2,off,nan,1,256,64,1,0,0.054872,18.224180,nan,nan,nan,3.126,ok,
amazon/chronos-bolt-base,8,2,off,nan,1,256,64,2,0,0.057689,17.334322,nan,nan,nan,3.126,ok,
amazon/chronos-bolt-base,8,2,off,nan,1,256,64,3,0,0.050222,19.911552,nan,nan,nan,3.126,ok,
amazon/chronos-bolt-base,8,2,off,nan,1,256,64,4,0,0.049222,20.315952,nan,nan,nan,3.126,ok,
amazon/chronos-bolt-base,8,2,off,nan,1,512,64,0,1,0.055768,17.931368,nan,nan,nan,3.126,ok,
amazon/chronos-bolt-base,8,2,off,nan,1,512,64,1,1,0.055120,18.142166,nan,nan,nan,3.126,ok,
amazon/chronos-bolt-base,8,2,off,nan,1,512,64,0,0,0.056592,17.670369,nan,nan,nan,3.126,ok,
amazon/chronos-bolt-base,8,2,off,nan,1,512,64,1,0,0.060994,16.395131,nan,nan,nan,3.126,ok,
amazon/chronos-bolt-base,8,2,off,nan,1,512,64,2,0,0.056629,17.658885,nan,nan,nan,3.126,ok,
amazon/chronos-bolt-base,8,2,off,nan,1,512,64,3,0,0.061166,16.349017,nan,nan,nan,3.126,ok,
amazon/chronos-bolt-base,8,2,off,nan,1,512,64,4,0,0.054871,18.224419,nan,nan,nan,3.126,ok,
amazon/chronos-bolt-base,8,2,off,nan,1,1024,64,0,1,0.067001,14.925110,nan,nan,nan,3.126,ok,
amazon/chronos-bolt-base,8,2,off,nan,1,1024,64,1,1,0.067075,14.908605,nan,nan,nan,3.126,ok,
amazon/chronos-bolt-base,8,2,off,nan,1,1024,64,0,0,0.068542,14.589680,nan,nan,nan,3.126,ok,
amazon/chronos-bolt-base,8,2,off,nan,1,1024,64,1,0,0.075837,13.186225,nan,nan,nan,3.126,ok,
amazon/chronos-bolt-base,8,2,off,nan,1,1024,64,2,0,0.068617,14.573555,nan,nan,nan,3.126,ok,
amazon/chronos-bolt-base,8,2,off,nan,1,1024,64,3,0,0.065858,15.184200,nan,nan,nan,3.126,ok,
amazon/chronos-bolt-base,8,2,off,nan,1,1024,64,4,0,0.065903,15.173835,nan,nan,nan,3.126,ok,
amazon/chronos-bolt-base,8,2,off,nan,1,2048,64,0,1,0.102610,9.745635,nan,nan,nan,3.126,ok,
amazon/chronos-bolt-base,8,2,off,nan,1,2048,64,1,1,0.094242,10.611028,nan,nan,nan,3.126,ok,
amazon/chronos-bolt-base,8,2,off,nan,1,2048,64,0,0,0.106304,9.407019,nan,nan,nan,3.126,ok,
amazon/chronos-bolt-base,8,2,off,nan,1,2048,64,1,0,0.095089,10.516506,nan,nan,nan,3.126,ok,
amazon/chronos-bolt-base,8,2,off,nan,1,2048,64,2,0,0.091989,10.870874,nan,nan,nan,3.126,ok,
amazon/chronos-bolt-base,8,2,off,nan,1,2048,64,3,0,0.090252,11.080078,nan,nan,nan,3.126,ok,
amazon/chronos-bolt-base,8,2,off,nan,1,2048,64,4,0,0.090029,11.107475,nan,nan,nan,3.126,ok,
amazon/chronos-bolt-base,8,4,off,nan,1,64,64,0,1,0.188635,5.301251,nan,nan,nan,3.627,ok,
amazon/chronos-bolt-base,8,4,off,nan,1,64,64,1,1,0.041959,23.833033,nan,nan,nan,3.627,ok,
amazon/chronos-bolt-base,8,4,off,nan,1,64,64,0,0,0.041383,24.164350,nan,nan,nan,3.627,ok,
amazon/chronos-bolt-base,8,4,off,nan,1,64,64,1,0,0.041078,24.344189,nan,nan,nan,3.627,ok,
amazon/chronos-bolt-base,8,4,off,nan,1,64,64,2,0,0.041757,23.948156,nan,nan,nan,3.627,ok,
amazon/chronos-bolt-base,8,4,off,nan,1,64,64,3,0,0.041191,24.277324,nan,nan,nan,3.627,ok,
amazon/chronos-bolt-base,8,4,off,nan,1,64,64,4,0,0.040587,24.638650,nan,nan,nan,3.627,ok,
amazon/chronos-bolt-base,8,4,off,nan,1,128,64,0,1,0.044526,22.458771,nan,nan,nan,3.627,ok,
amazon/chronos-bolt-base,8,4,off,nan,1,128,64,1,1,0.044257,22.595400,nan,nan,nan,3.627,ok,
amazon/chronos-bolt-base,8,4,off,nan,1,128,64,0,0,0.044322,22.562080,nan,nan,nan,3.627,ok,
amazon/chronos-bolt-base,8,4,off,nan,1,128,64,1,0,0.043671,22.898285,nan,nan,nan,3.627,ok,
amazon/chronos-bolt-base,8,4,off,nan,1,128,64,2,0,0.044005,22.724779,nan,nan,nan,3.627,ok,
amazon/chronos-bolt-base,8,4,off,nan,1,128,64,3,0,0.043478,23.000332,nan,nan,nan,3.627,ok,
amazon/chronos-bolt-base,8,4,off,nan,1,128,64,4,0,0.043287,23.101546,nan,nan,nan,3.627,ok,
amazon/chronos-bolt-base,8,4,off,nan,1,256,64,0,1,0.048895,20.452006,nan,nan,nan,3.627,ok,
amazon/chronos-bolt-base,8,4,off,nan,1,256,64,1,1,0.048290,20.708035,nan,nan,nan,3.627,ok,
amazon/chronos-bolt-base,8,4,off,nan,1,256,64,0,0,0.049586,20.166965,nan,nan,nan,3.627,ok,
amazon/chronos-bolt-base,8,4,off,nan,1,256,64,1,0,0.048387,20.666800,nan,nan,nan,3.627,ok,
amazon/chronos-bolt-base,8,4,off,nan,1,256,64,2,0,0.047767,20.934768,nan,nan,nan,3.627,ok,
amazon/chronos-bolt-base,8,4,off,nan,1,256,64,3,0,0.048472,20.630398,nan,nan,nan,3.627,ok,
amazon/chronos-bolt-base,8,4,off,nan,1,256,64,4,0,0.047683,20.971751,nan,nan,nan,3.627,ok,
amazon/chronos-bolt-base,8,4,off,nan,1,512,64,0,1,0.055554,18.000398,nan,nan,nan,3.627,ok,
amazon/chronos-bolt-base,8,4,off,nan,1,512,64,1,1,0.061704,16.206344,nan,nan,nan,3.627,ok,
amazon/chronos-bolt-base,8,4,off,nan,1,512,64,0,0,0.055327,18.074197,nan,nan,nan,3.627,ok,
amazon/chronos-bolt-base,8,4,off,nan,1,512,64,1,0,0.054625,18.306660,nan,nan,nan,3.627,ok,
amazon/chronos-bolt-base,8,4,off,nan,1,512,64,2,0,0.053950,18.535653,nan,nan,nan,3.627,ok,
amazon/chronos-bolt-base,8,4,off,nan,1,512,64,3,0,0.053694,18.623899,nan,nan,nan,3.627,ok,
amazon/chronos-bolt-base,8,4,off,nan,1,512,64,4,0,0.053768,18.598289,nan,nan,nan,3.627,ok,
amazon/chronos-bolt-base,8,4,off,nan,1,1024,64,0,1,0.065710,15.218460,nan,nan,nan,3.627,ok,
amazon/chronos-bolt-base,8,4,off,nan,1,1024,64,1,1,0.065902,15.174160,nan,nan,nan,3.627,ok,
amazon/chronos-bolt-base,8,4,off,nan,1,1024,64,0,0,0.065222,15.332244,nan,nan,nan,3.627,ok,
amazon/chronos-bolt-base,8,4,off,nan,1,1024,64,1,0,0.065347,15.302827,nan,nan,nan,3.627,ok,
amazon/chronos-bolt-base,8,4,off,nan,1,1024,64,2,0,0.064101,15.600289,nan,nan,nan,3.627,ok,
amazon/chronos-bolt-base,8,4,off,nan,1,1024,64,3,0,0.067840,14.740493,nan,nan,nan,3.627,ok,
amazon/chronos-bolt-base,8,4,off,nan,1,1024,64,4,0,0.065689,15.223169,nan,nan,nan,3.627,ok,
amazon/chronos-bolt-base,8,4,off,nan,1,2048,64,0,1,0.090649,11.031510,nan,nan,nan,3.627,ok,
amazon/chronos-bolt-base,8,4,off,nan,1,2048,64,1,1,0.089279,11.200841,nan,nan,nan,3.627,ok,
amazon/chronos-bolt-base,8,4,off,nan,1,2048,64,0,0,0.088696,11.274464,nan,nan,nan,3.627,ok,
amazon/chronos-bolt-base,8,4,off,nan,1,2048,64,1,0,0.088009,11.362460,nan,nan,nan,3.627,ok,
amazon/chronos-bolt-base,8,4,off,nan,1,2048,64,2,0,0.089121,11.220668,nan,nan,nan,3.627,ok,
amazon/chronos-bolt-base,8,4,off,nan,1,2048,64,3,0,0.088833,11.257093,nan,nan,nan,3.627,ok,
amazon/chronos-bolt-base,8,4,off,nan,1,2048,64,4,0,0.088740,11.268824,nan,nan,nan,3.627,ok,
amazon/chronos-bolt-base,8,8,off,nan,1,64,64,0,1,0.050584,19.768904,nan,nan,nan,3.434,ok,
amazon/chronos-bolt-base,8,8,off,nan,1,64,64,1,1,0.041397,24.156298,nan,nan,nan,3.434,ok,
amazon/chronos-bolt-base,8,8,off,nan,1,64,64,0,0,0.041812,23.916675,nan,nan,nan,3.434,ok,
amazon/chronos-bolt-base,8,8,off,nan,1,64,64,1,0,0.041252,24.241321,nan,nan,nan,3.434,ok,
amazon/chronos-bolt-base,8,8,off,nan,1,64,64,2,0,0.041002,24.388996,nan,nan,nan,3.434,ok,
amazon/chronos-bolt-base,8,8,off,nan,1,64,64,3,0,0.040896,24.452399,nan,nan,nan,3.434,ok,
amazon/chronos-bolt-base,8,8,off,nan,1,64,64,4,0,0.041021,24.377853,nan,nan,nan,3.434,ok,
amazon/chronos-bolt-base,8,8,off,nan,1,128,64,0,1,0.044288,22.579447,nan,nan,nan,3.434,ok,
amazon/chronos-bolt-base,8,8,off,nan,1,128,64,1,1,0.044458,22.493085,nan,nan,nan,3.434,ok,
amazon/chronos-bolt-base,8,8,off,nan,1,128,64,0,0,0.043895,22.781660,nan,nan,nan,3.434,ok,
amazon/chronos-bolt-base,8,8,off,nan,1,128,64,1,0,0.044354,22.545910,nan,nan,nan,3.434,ok,
amazon/chronos-bolt-base,8,8,off,nan,1,128,64,2,0,0.044402,22.521638,nan,nan,nan,3.434,ok,
amazon/chronos-bolt-base,8,8,off,nan,1,128,64,3,0,0.044151,22.649486,nan,nan,nan,3.434,ok,
amazon/chronos-bolt-base,8,8,off,nan,1,128,64,4,0,0.044230,22.608859,nan,nan,nan,3.434,ok,
amazon/chronos-bolt-base,8,8,off,nan,1,256,64,0,1,0.049349,20.263713,nan,nan,nan,3.434,ok,
amazon/chronos-bolt-base,8,8,off,nan,1,256,64,1,1,0.048690,20.538239,nan,nan,nan,3.434,ok,
amazon/chronos-bolt-base,8,8,off,nan,1,256,64,0,0,0.049855,20.058185,nan,nan,nan,3.434,ok,
amazon/chronos-bolt-base,8,8,off,nan,1,256,64,1,0,0.048390,20.665235,nan,nan,nan,3.434,ok,
amazon/chronos-bolt-base,8,8,off,nan,1,256,64,2,0,0.048095,20.792088,nan,nan,nan,3.434,ok,
amazon/chronos-bolt-base,8,8,off,nan,1,256,64,3,0,0.050024,19.990261,nan,nan,nan,3.434,ok,
amazon/chronos-bolt-base,8,8,off,nan,1,256,64,4,0,0.050343,19.863782,nan,nan,nan,3.434,ok,
amazon/chronos-bolt-base,8,8,off,nan,1,512,64,0,1,0.055736,17.941600,nan,nan,nan,3.434,ok,
amazon/chronos-bolt-base,8,8,off,nan,1,512,64,1,1,0.055509,18.015151,nan,nan,nan,3.434,ok,
amazon/chronos-bolt-base,8,8,off,nan,1,512,64,0,0,0.054853,18.230406,nan,nan,nan,3.434,ok,
amazon/chronos-bolt-base,8,8,off,nan,1,512,64,1,0,0.055112,18.144790,nan,nan,nan,3.434,ok,
amazon/chronos-bolt-base,8,8,off,nan,1,512,64,2,0,0.054408,18.379632,nan,nan,nan,3.434,ok,
amazon/chronos-bolt-base,8,8,off,nan,1,512,64,3,0,0.057504,17.389978,nan,nan,nan,3.434,ok,
amazon/chronos-bolt-base,8,8,off,nan,1,512,64,4,0,0.055932,17.878782,nan,nan,nan,3.434,ok,
amazon/chronos-bolt-base,8,8,off,nan,1,1024,64,0,1,0.069480,14.392678,nan,nan,nan,3.434,ok,
amazon/chronos-bolt-base,8,8,off,nan,1,1024,64,1,1,0.067374,14.842572,nan,nan,nan,3.434,ok,
amazon/chronos-bolt-base,8,8,off,nan,1,1024,64,0,0,0.067850,14.738412,nan,nan,nan,3.434,ok,
amazon/chronos-bolt-base,8,8,off,nan,1,1024,64,1,0,0.070480,14.188517,nan,nan,nan,3.434,ok,
amazon/chronos-bolt-base,8,8,off,nan,1,1024,64,2,0,0.068735,14.548559,nan,nan,nan,3.434,ok,
amazon/chronos-bolt-base,8,8,off,nan,1,1024,64,3,0,0.066376,15.065676,nan,nan,nan,3.434,ok,
amazon/chronos-bolt-base,8,8,off,nan,1,1024,64,4,0,0.066658,15.001870,nan,nan,nan,3.434,ok,
amazon/chronos-bolt-base,8,8,off,nan,1,2048,64,0,1,0.091701,10.905059,nan,nan,nan,3.434,ok,
amazon/chronos-bolt-base,8,8,off,nan,1,2048,64,1,1,0.092282,10.836399,nan,nan,nan,3.434,ok,
amazon/chronos-bolt-base,8,8,off,nan,1,2048,64,0,0,0.090583,11.039539,nan,nan,nan,3.434,ok,
amazon/chronos-bolt-base,8,8,off,nan,1,2048,64,1,0,0.089801,11.135778,nan,nan,nan,3.434,ok,
amazon/chronos-bolt-base,8,8,off,nan,1,2048,64,2,0,0.090681,11.027621,nan,nan,nan,3.434,ok,
amazon/chronos-bolt-base,8,8,off,nan,1,2048,64,3,0,0.090867,11.005046,nan,nan,nan,3.434,ok,
amazon/chronos-bolt-base,8,8,off,nan,1,2048,64,4,0,0.090307,11.073291,nan,nan,nan,3.434,ok,
amazon/chronos-bolt-base,8,16,off,nan,1,64,64,0,1,0.054642,18.300994,nan,nan,nan,3.339,ok,
amazon/chronos-bolt-base,8,16,off,nan,1,64,64,1,1,0.051516,19.411515,nan,nan,nan,3.339,ok,
amazon/chronos-bolt-base,8,16,off,nan,1,64,64,0,0,0.041960,23.832405,nan,nan,nan,3.339,ok,
amazon/chronos-bolt-base,8,16,off,nan,1,64,64,1,0,0.044521,22.461063,nan,nan,nan,3.339,ok,
amazon/chronos-bolt-base,8,16,off,nan,1,64,64,2,0,0.040673,24.586385,nan,nan,nan,3.339,ok,
amazon/chronos-bolt-base,8,16,off,nan,1,64,64,3,0,0.043333,23.077321,nan,nan,nan,3.339,ok,
amazon/chronos-bolt-base,8,16,off,nan,1,64,64,4,0,0.042479,23.540938,nan,nan,nan,3.339,ok,
amazon/chronos-bolt-base,8,16,off,nan,1,128,64,0,1,0.044993,22.225829,nan,nan,nan,3.339,ok,
amazon/chronos-bolt-base,8,16,off,nan,1,128,64,1,1,0.047093,21.234426,nan,nan,nan,3.339,ok,
amazon/chronos-bolt-base,8,16,off,nan,1,128,64,0,0,0.050291,19.884418,nan,nan,nan,3.339,ok,
amazon/chronos-bolt-base,8,16,off,nan,1,128,64,1,0,0.047019,21.268212,nan,nan,nan,3.339,ok,
amazon/chronos-bolt-base,8,16,off,nan,1,128,64,2,0,0.044538,22.452581,nan,nan,nan,3.339,ok,
amazon/chronos-bolt-base,8,16,off,nan,1,128,64,3,0,0.044422,22.511570,nan,nan,nan,3.339,ok,
amazon/chronos-bolt-base,8,16,off,nan,1,128,64,4,0,0.044459,22.492440,nan,nan,nan,3.339,ok,
amazon/chronos-bolt-base,8,16,off,nan,1,256,64,0,1,0.049705,20.118795,nan,nan,nan,3.339,ok,
amazon/chronos-bolt-base,8,16,off,nan,1,256,64,1,1,0.049428,20.231404,nan,nan,nan,3.339,ok,
amazon/chronos-bolt-base,8,16,off,nan,1,256,64,0,0,0.048902,20.448951,nan,nan,nan,3.339,ok,
amazon/chronos-bolt-base,8,16,off,nan,1,256,64,1,0,0.048008,20.829826,nan,nan,nan,3.339,ok,
amazon/chronos-bolt-base,8,16,off,nan,1,256,64,2,0,0.048075,20.800942,nan,nan,nan,3.339,ok,
amazon/chronos-bolt-base,8,16,off,nan,1,256,64,3,0,0.049180,20.333430,nan,nan,nan,3.339,ok,
amazon/chronos-bolt-base,8,16,off,nan,1,256,64,4,0,0.058251,17.167003,nan,nan,nan,3.339,ok,
amazon/chronos-bolt-base,8,16,off,nan,1,512,64,0,1,0.056226,17.785373,nan,nan,nan,3.339,ok,
amazon/chronos-bolt-base,8,16,off,nan,1,512,64,1,1,0.055326,18.074686,nan,nan,nan,3.339,ok,
amazon/chronos-bolt-base,8,16,off,nan,1,512,64,0,0,0.054395,18.384138,nan,nan,nan,3.339,ok,
amazon/chronos-bolt-base,8,16,off,nan,1,512,64,1,0,0.055968,17.867433,nan,nan,nan,3.339,ok,
amazon/chronos-bolt-base,8,16,off,nan,1,512,64,2,0,0.056072,17.834196,nan,nan,nan,3.339,ok,
amazon/chronos-bolt-base,8,16,off,nan,1,512,64,3,0,0.054428,18.373012,nan,nan,nan,3.339,ok,
amazon/chronos-bolt-base,8,16,off,nan,1,512,64,4,0,0.054532,18.337699,nan,nan,nan,3.339,ok,
amazon/chronos-bolt-base,8,16,off,nan,1,1024,64,0,1,0.071937,13.901116,nan,nan,nan,3.339,ok,
amazon/chronos-bolt-base,8,16,off,nan,1,1024,64,1,1,0.066607,15.013408,nan,nan,nan,3.339,ok,
amazon/chronos-bolt-base,8,16,off,nan,1,1024,64,0,0,0.066087,15.131661,nan,nan,nan,3.339,ok,
amazon/chronos-bolt-base,8,16,off,nan,1,1024,64,1,0,0.067213,14.878039,nan,nan,nan,3.339,ok,
amazon/chronos-bolt-base,8,16,off,nan,1,1024,64,2,0,0.065712,15.217906,nan,nan,nan,3.339,ok,
amazon/chronos-bolt-base,8,16,off,nan,1,1024,64,3,0,0.074801,13.368831,nan,nan,nan,3.339,ok,
amazon/chronos-bolt-base,8,16,off,nan,1,1024,64,4,0,0.071048,14.074955,nan,nan,nan,3.339,ok,
amazon/chronos-bolt-base,8,16,off,nan,1,2048,64,0,1,0.092647,10.793690,nan,nan,nan,3.339,ok,
amazon/chronos-bolt-base,8,16,off,nan,1,2048,64,1,1,0.090966,10.993063,nan,nan,nan,3.339,ok,
amazon/chronos-bolt-base,8,16,off,nan,1,2048,64,0,0,0.090590,11.038797,nan,nan,nan,3.339,ok,
amazon/chronos-bolt-base,8,16,off,nan,1,2048,64,1,0,0.114622,8.724321,nan,nan,nan,3.339,ok,
amazon/chronos-bolt-base,8,16,off,nan,1,2048,64,2,0,0.141602,7.062064,nan,nan,nan,3.339,ok,
amazon/chronos-bolt-base,8,16,off,nan,1,2048,64,3,0,0.131291,7.616680,nan,nan,nan,3.339,ok,
amazon/chronos-bolt-base,8,16,off,nan,1,2048,64,4,0,0.089883,11.125575,nan,nan,nan,3.339,ok,

